{
    "1": {
        "inverse_rotation_matrix": [],
        "inverse_translation_vector": []
    },
    "2": {
        "inverse_rotation_matrix": [
            [
                -0.9907889699000243,
                0.0298764739299458,
                -0.13207805809430284
            ],
            [
                0.12642080591338345,
                0.5536141483714434,
                -0.8231215915982103
            ],
            [
                0.04852831087787212,
                -0.8322372083898159,
                -0.5522917996990961
            ]
        ],
        "inverse_translation_vector": [
            [
                -8.109998976278534
            ],
            [
                41.099628832841724
            ],
            [
                13.354014252047516
            ]
        ]
    },
    "3": {
        "inverse_rotation_matrix": [
            [
                -0.7641463592850348,
                0.060627185565703165,
                -0.6421874227683133
            ],
            [
                0.6275958903954342,
                0.29986304898851285,
                -0.7184744603742539
            ],
            [
                0.14900919418005312,
                -0.9520538305272949,
                -0.2671886296759587
            ]
        ],
        "inverse_translation_vector": [
            [
                24.10814530533808
            ],
            [
                11.308950354129404
            ],
            [
                7.335464566571563
            ]
        ]
    },
    "4": {
        "inverse_rotation_matrix": [
            [
                -0.9707891927123559,
                -0.07031826549753892,
                0.22939852843972156
            ],
            [
                -0.2386602089546928,
                0.3813908918088392,
                -0.8930746286324347
            ],
            [
                -0.02469105049596919,
                -0.9217354984932914,
                -0.38703232790392234
            ]
        ],
        "inverse_translation_vector": [
            [
                -15.740343862738833
            ],
            [
                21.101896484479546
            ],
            [
                7.975511255115988
            ]
        ]
    },
    "5": {
        "inverse_rotation_matrix": [],
        "inverse_translation_vector": []
    },
    "6": {
        "inverse_rotation_matrix": [],
        "inverse_translation_vector": []
    },
    "7": {
        "inverse_rotation_matrix": [],
        "inverse_translation_vector": []
    },
    "8": {
        "inverse_rotation_matrix": [],
        "inverse_translation_vector": []
    },
    "9": {
        "inverse_rotation_matrix": [],
        "inverse_translation_vector": []
    },
    "10": {
        "inverse_rotation_matrix": [],
        "inverse_translation_vector": []
    },
    "11": {
        "inverse_rotation_matrix": [],
        "inverse_translation_vector": []
    },
    "12": {
        "inverse_rotation_matrix": [],
        "inverse_translation_vector": []
    },
    "13": {
        "inverse_rotation_matrix": [
            [
                0.0662946021820777,
                0.3958919643246088,
                -0.915900965336713
            ],
            [
                0.996637807613152,
                0.018019560316206235,
                0.07992731624457708
            ],
            [
                0.048146714919816494,
                -0.9181202797178663,
                -0.3933662997934835
            ]
        ],
        "inverse_translation_vector": [
            [
                25.925648528558593
            ],
            [
                -0.2664509214556213
            ],
            [
                8.00499148978607
            ]
        ]
    }
}