{
    "1": {
        "inverse_rotation_matrix": [
            [
                -0.9262419705048022,
                -0.018275876606608423,
                -0.37648612777848944
            ],
            [
                0.34867531631425974,
                0.3378761691211008,
                -0.8742226364795185
            ],
            [
                0.1431828756120368,
                -0.9410131171637882,
                -0.3065827416166125
            ]
        ],
        "inverse_translation_vector": [
            [
                15.751803637581835
            ],
            [
                20.606493818432043
            ],
            [
                7.656119755409674
            ]
        ]
    },
    "2": {
        "inverse_rotation_matrix": [
            [
                -0.9907889699000243,
                0.0298764739299458,
                -0.13207805809430284
            ],
            [
                0.12642080591338345,
                0.5536141483714434,
                -0.8231215915982103
            ],
            [
                0.04852831087787212,
                -0.8322372083898159,
                -0.5522917996990961
            ]
        ],
        "inverse_translation_vector": [
            [
                -8.109998976278534
            ],
            [
                41.099628832841724
            ],
            [
                13.354014252047516
            ]
        ]
    },
    "3": {
        "inverse_rotation_matrix": [
            [
                -0.7641463592850348,
                0.060627185565703165,
                -0.6421874227683133
            ],
            [
                0.6275958903954342,
                0.29986304898851285,
                -0.7184744603742539
            ],
            [
                0.14900919418005312,
                -0.9520538305272949,
                -0.2671886296759587
            ]
        ],
        "inverse_translation_vector": [
            [
                24.10814530533808
            ],
            [
                11.308950354129404
            ],
            [
                7.335464566571563
            ]
        ]
    },
    "4": {
        "inverse_rotation_matrix": [
            [
                -0.9707891927123559,
                -0.07031826549753892,
                0.22939852843972156
            ],
            [
                -0.2386602089546928,
                0.3813908918088392,
                -0.8930746286324347
            ],
            [
                -0.02469105049596919,
                -0.9217354984932914,
                -0.38703232790392234
            ]
        ],
        "inverse_translation_vector": [
            [
                -15.740343862738833
            ],
            [
                21.101896484479546
            ],
            [
                7.975511255115988
            ]
        ]
    },
    "5": {
        "inverse_rotation_matrix": [
            [
                0.20717165927410963,
                0.08678869201473693,
                -0.9744473441556419
            ],
            [
                -0.9578728576411556,
                -0.18450984439580725,
                -0.22008113484667854
            ],
            [
                -0.1988956816725274,
                0.9789912360483145,
                0.04490732181520734
            ]
        ],
        "inverse_translation_vector": [
            [
                8.947792376013838
            ],
            [
                4.488192574585354
            ],
            [
                9.563208456896524e-05
            ]
        ]
    },
    "6": {
        "inverse_rotation_matrix": [
            [
                0.9967050553238352,
                0.005182461245453684,
                0.08094550504722099
            ],
            [
                -0.06520741046303127,
                -0.5423183194202074,
                0.8376388446352924
            ],
            [
                0.04823926111183779,
                -0.840157117756364,
                -0.5401934756832062
            ]
        ],
        "inverse_translation_vector": [
            [
                1.3445810353533718
            ],
            [
                -29.21232299035391
            ],
            [
                17.583548119566252
            ]
        ]
    },
    "7": {
        "inverse_rotation_matrix": [
            [
                -0.06005672781894336,
                -0.27179003248890105,
                0.9604808002679509
            ],
            [
                -0.9979835847977732,
                -0.003452277911283884,
                -0.06337859458373289
            ],
            [
                0.02054151693199097,
                -0.962350383185306,
                -0.27103465842070334
            ]
        ],
        "inverse_translation_vector": [
            [
                -27.842154294732584
            ],
            [
                -0.0924094393561928
            ],
            [
                7.228143757576701
            ]
        ]
    },
    "8": {
        "inverse_rotation_matrix": [
            [
                0.6665313279169315,
                -0.1994171435707414,
                0.7183096767797146
            ],
            [
                -0.744433994908351,
                -0.22900262991841203,
                0.6271967974370117
            ],
            [
                0.039421011276793254,
                -0.9527804565273875,
                -0.301090327857568
            ]
        ],
        "inverse_translation_vector": [
            [
                -23.8054467870201
            ],
            [
                -10.708154842937988
            ],
            [
                6.9133238316255134
            ]
        ]
    },
    "9": {
        "inverse_rotation_matrix": [],
        "inverse_translation_vector": []
    },
    "10": {
        "inverse_rotation_matrix": [],
        "inverse_translation_vector": []
    },
    "11": {
        "inverse_rotation_matrix": [],
        "inverse_translation_vector": []
    },
    "12": {
        "inverse_rotation_matrix": [
            [
                -0.6783950100455005,
                -0.5698148602186773,
                0.4637792960227247
            ],
            [
                -0.708851185686388,
                0.34167663668601755,
                -0.6170794701607992
            ],
            [
                0.19315850200383794,
                -0.7473741372411145,
                -0.6357056646646568
            ]
        ],
        "inverse_translation_vector": [
            [
                -60.246260944936786
            ],
            [
                16.562386258116156
            ],
            [
                27.03359170892044
            ]
        ]
    },
    "13": {
        "inverse_rotation_matrix": [
            [
                0.056234610032944686,
                0.39349935909378303,
                -0.9176033582257772
            ],
            [
                0.9975655022094839,
                0.01581756931331367,
                0.06791813677184183
            ],
            [
                0.04123999801142953,
                -0.9191888048131354,
                -0.39165189093149666
            ]
        ],
        "inverse_translation_vector": [
            [
                26.135331138872324
            ],
            [
                0.008001876555096212
            ],
            [
                8.020036773538159
            ]
        ]
    }
}