{
    "2": {
        "inverse_rotation_matrix": [
            [
                -0.9722149984846388,
                0.05477025014343489,
                -0.22759221520240794
            ],
            [
                0.22053591452085183,
                0.5403243028417094,
                -0.8120428302528577
            ],
            [
                0.07849781607130958,
                -0.8396724763012334,
                -0.5373901984723847
            ]
        ],
        "inverse_translation_vector": [
            [
                -4.2110649278164685
            ],
            [
                44.064056667089034
            ],
            [
                13.861887230606415
            ]
        ]
    },

    "3": {
        "inverse_rotation_matrix": [
            [
                -0.765364446694704,
                0.059375720757169806,
                -0.6408523913665892
            ],
            [
                0.6260800471477046,
                0.29941942062366894,
                -0.719980406064578
            ],
            [
                0.1491342961871527,
                -0.9522723005201574,
                -0.26633893324636093
            ]
        ],
        "inverse_translation_vector": [
            [
                24.08171884399852
            ],
            [
                11.353011674904563
            ],
            [
                7.318071066074446
            ]
        ]
    }
}